City,Lat,Lng,Max Temp,Humidity,Cloudiness,Wind Speed,Country,Date
Ostrovnoy,68.0531,39.5131,39.4,93,100,10.02,RU,1655781480
Mahébourg,-20.4081,57.7,68.29,56,20,5.75,MU,1655781480
Qaanaaq,77.484,-69.3632,36.54,85,96,3.65,GL,1655781481
Zhuhai,22.2769,113.5678,87.85,89,40,10.36,CN,1655781482
Cape Town,-33.9258,18.4232,59.38,81,0,11.01,ZA,1655781401
Atuona,-9.8,-139.0333,77.92,78,20,22.7,PF,1655781483
Flinders,-34.5833,150.8552,62.38,63,97,3.91,AU,1655781484
Opuwo,-18.0607,13.84,36.68,57,0,2.19,NA,1655781484
Tiksi,71.6872,128.8694,43.63,52,35,6.85,RU,1655781485
Pushkinskiye Gory,57.0209,28.9103,52.52,81,100,4.92,RU,1655781486
Aykhal,66.0,111.5,62.55,31,10,7.65,RU,1655781487
Castro,-24.7911,-50.0119,54.95,95,86,3.0,BR,1655781488
Avarua,-21.2078,-159.775,82.45,78,20,6.91,CK,1655781488
Saskylakh,71.9167,114.0833,58.89,42,99,0.85,RU,1655781489
Constitución,-35.3333,-72.4167,50.49,82,100,7.38,CL,1655781490
Albany,42.6001,-73.9662,61.21,70,100,5.01,US,1655781401
Vilyuysk,63.7553,121.6247,61.05,39,100,8.77,RU,1655781491
Ushuaia,-54.8,-68.3,33.46,86,75,23.02,AR,1655781195
Bambous Virieux,-20.3428,57.7575,68.25,56,20,5.75,MU,1655781493
Kodinsk,58.6881,99.1844,70.43,39,1,7.49,RU,1655781493
Teknāf,20.8624,92.3058,76.87,94,100,5.86,BD,1655781494
Busselton,-33.65,115.3333,63.79,69,100,14.99,AU,1655781495
Ambon City,-3.6954,128.1814,87.94,62,20,4.61,ID,1655781496
Maragogi,-9.0122,-35.2225,74.95,86,31,8.41,BR,1655781497
Fallon,39.4735,-118.7774,71.47,17,0,8.05,US,1655781497
Kantang,7.4054,99.5156,85.98,99,40,6.91,TH,1655781498
Colonelganj,27.1333,81.7,93.61,40,5,8.81,IN,1655781499
Punta Arenas,-53.15,-70.9167,30.31,80,20,8.05,CL,1655781501
Rikitea,-23.1203,-134.9692,71.35,60,57,12.8,PF,1655781502
New Norfolk,-42.7826,147.0587,58.91,76,100,1.99,AU,1655781502
Gobabis,-22.45,18.9667,41.09,62,90,7.96,NA,1655781503
Qingdao,36.0986,120.3719,78.4,78,0,13.42,CN,1655781504
Port Hardy,50.6996,-127.4199,57.38,88,100,2.3,CA,1655781442
Arman',59.7,150.1667,61.02,80,100,6.51,RU,1655781505
Mamakan,57.8161,114.0028,60.01,88,100,4.76,RU,1655781506
Bethel,41.3712,-73.414,65.48,74,0,4.61,US,1655781507
Charter Township of Clinton,42.587,-82.9199,77.9,78,0,0.0,US,1655780928
Varhaug,58.6147,5.6457,51.85,78,99,8.5,NO,1655781508
Ayan,56.45,138.1667,50.45,79,27,3.62,RU,1655781509
Mayor Pablo Lagerenza,-19.9309,-60.7718,72.07,53,0,7.09,PY,1655781509
Hermanus,-34.4187,19.2345,51.8,81,70,7.23,ZA,1655781510
Torbay,47.6666,-52.7314,57.97,95,100,18.41,CA,1655781511
Yellowknife,62.456,-114.3525,70.32,30,20,6.91,CA,1655781342
Kruisfontein,-34.0033,24.7314,51.89,83,59,5.59,ZA,1655781512
Puerto Ayora,-0.7393,-90.3518,69.55,98,63,5.99,EC,1655781429
Rosita,13.9268,-84.4032,73.4,99,100,1.66,NI,1655781513
Beloha,-25.1667,45.05,65.66,62,53,9.55,MG,1655781514
Port Elizabeth,-33.918,25.5701,57.31,95,0,5.75,ZA,1655781515
Port Alfred,-33.5906,26.891,60.19,84,8,1.99,ZA,1655781515
Garchitorena,13.8804,123.6946,87.35,65,42,5.91,PH,1655781516
Saint Paul Harbor,57.79,-152.4072,56.71,67,20,6.91,US,1655781517
Mar del Plata,-38.0023,-57.5575,48.09,83,0,0.0,AR,1655781517
Tāybād,34.74,60.7756,73.44,23,0,21.36,IR,1655781518
Cabo San Lucas,22.8909,-109.9124,82.62,76,97,4.0,MX,1655780719
Tiarei,-17.5333,-149.3333,80.62,74,68,12.86,PF,1655781519
Khatanga,71.9667,102.5,53.8,60,100,10.36,RU,1655781520
Pisco,-13.7,-76.2167,59.05,82,12,0.0,PE,1655781521
Kolyvan',55.3053,82.7391,69.42,72,3,5.48,RU,1655781521
Hofn,64.2539,-15.2082,44.26,71,100,2.26,IS,1655781522
Bontang,0.1333,117.5,85.57,64,62,2.21,ID,1655781523
Sault Ste. Marie,46.5168,-84.3333,61.36,93,0,6.91,CA,1655781524
Zhigansk,66.7697,123.3711,56.01,31,0,18.63,RU,1655781525
Thompson,55.7435,-97.8558,57.36,82,75,6.91,CA,1655781525
Pevek,69.7008,170.3133,33.85,90,98,3.49,RU,1655781526
Nanortalik,60.1432,-45.2371,37.87,98,100,12.95,GL,1655781527
Bilibino,68.0546,166.4372,41.67,69,100,13.67,RU,1655781527
Dikson,73.5069,80.5464,34.74,97,96,7.43,RU,1655781528
Hambantota,6.1241,81.1185,82.78,72,92,18.48,LK,1655781529
Béja,36.7256,9.1817,71.26,56,0,3.47,TN,1655781530
Fortuna,40.5982,-124.1573,60.91,75,2,1.99,US,1655781530
Ponta do Sol,32.6667,-17.1,66.0,60,38,5.88,PT,1655781531
Qasigiannguit,68.8193,-51.1922,34.05,86,100,8.75,GL,1655781532
Butaritari,3.0707,172.7902,82.69,70,17,13.29,KI,1655781532
Virginia Beach,36.8529,-75.978,71.02,70,40,4.61,US,1655781364
Hobyo,5.3505,48.5268,77.41,79,87,23.13,SO,1655781534
Saint George,37.1041,-113.5841,86.59,4,0,3.44,US,1655781534
Pontes e Lacerda,-15.2261,-59.3353,69.42,75,0,2.28,BR,1655781535
Khor,47.8861,134.9464,64.13,92,100,12.17,RU,1655781536
Crotone,39.0851,17.1178,73.18,57,0,2.24,IT,1655781536
Bāglung,28.2719,83.5898,77.52,64,6,4.29,NP,1655781537
Raglan,-37.8,174.8833,58.44,61,100,6.44,NZ,1655781538
Jamestown,42.097,-79.2353,63.99,78,100,6.91,US,1655781538
Sur,22.5667,59.5289,91.78,50,8,7.63,OM,1655781539
Araouane,18.9048,-3.5265,89.28,33,95,9.89,ML,1655781540
Emerald,-23.5333,148.1667,71.35,52,91,6.51,AU,1655781540
Launceston,-41.45,147.1667,56.61,78,40,10.36,AU,1655781541
Nikolskoye,59.7035,30.7861,55.87,89,94,3.22,RU,1655781542
Ambilobe,-13.2,49.05,62.01,88,5,4.09,MG,1655781543
Cidreira,-30.1811,-50.2056,59.59,79,73,11.5,BR,1655781544
Ternate,0.8,127.4,84.49,68,4,4.61,ID,1655781544
Tarauacá,-8.1614,-70.7656,71.02,76,20,1.19,BR,1655781545
Bella Vista,36.4295,-94.2316,78.04,70,0,5.75,US,1655781546
Xichang,27.8964,102.2634,76.95,77,91,2.95,CN,1655781547
Antakya,36.2066,36.1572,73.22,83,24,10.04,TR,1655781440
Najrān,17.4924,44.1277,77.65,23,99,5.39,SA,1655781548
Agirish,61.9247,63.0231,64.35,73,78,9.35,RU,1655781549
Mataura,-46.1927,168.8643,43.48,70,0,1.32,NZ,1655781550
Katsuura,35.1333,140.3,75.85,84,100,3.76,JP,1655781550
Shalinskoye,55.7228,93.7594,66.54,75,86,2.8,RU,1655781552
Barrow,71.2906,-156.7887,55.42,50,0,10.36,US,1655781508
Sorong,-0.8833,131.25,82.96,71,100,5.1,ID,1655781553
Kingston,17.997,-76.7936,81.55,75,20,12.66,JM,1655781550
Ketchikan,55.3422,-131.6461,55.87,76,100,12.66,US,1655781365
Kapaa,22.0752,-159.319,82.38,80,40,13.8,US,1655781555
Mbigou,-1.9005,11.906,63.21,97,96,2.26,GA,1655781439
Yakeshi,49.2833,120.7333,76.08,36,0,24.76,CN,1655781556
Hilo,19.7297,-155.09,78.28,90,75,4.61,US,1655781557
Whitehorse,60.7161,-135.0538,59.77,40,75,11.5,CA,1655781558
Bonthe,7.5264,-12.505,77.43,85,100,6.24,SL,1655781558
Bara,10.3744,10.7288,76.73,75,75,9.48,NG,1655781559
Lompoc,34.6391,-120.4579,75.34,71,0,8.05,US,1655781560
Port Blair,11.6667,92.75,86.04,74,75,11.5,IN,1655781561
Bredasdorp,-34.5322,20.0403,51.71,93,50,2.35,ZA,1655781562
Thinadhoo,0.5333,72.9333,83.26,70,29,12.12,MV,1655781563
Koumac,-20.5667,164.2833,73.29,58,95,12.75,NC,1655781563
Faanui,-16.4833,-151.75,80.01,77,32,11.74,PF,1655781564
Xam Nua,20.4197,104.0439,84.13,52,78,5.86,LA,1655781565
East London,-33.0153,27.9116,61.74,82,0,6.91,ZA,1655781565
São Filipe,14.8961,-24.4956,73.85,93,44,6.24,CV,1655781566
Deputatsky,69.3,139.9,49.53,31,94,2.64,RU,1655781567
Chui,-33.6971,-53.4616,47.77,80,100,6.22,UY,1655781568
Sitka,57.0531,-135.33,53.49,76,100,8.05,US,1655781569
Forio,40.7342,13.8646,73.13,65,5,4.25,IT,1655781570
Ruska Poliana,49.417,31.9201,62.22,63,0,9.6,UA,1655781571
San Felipe,10.3399,-68.7425,70.29,98,100,0.67,VE,1655781465
Arraial do Cabo,-22.9661,-42.0278,69.76,88,40,9.22,BR,1655781572
Margate,51.3813,1.3862,53.69,91,20,1.01,GB,1655781572
Aklavik,68.2191,-135.0107,54.97,58,100,6.26,CA,1655781573
Lokosovo,61.1333,74.8167,73.92,57,0,13.58,RU,1655781574
Paita,-5.0892,-81.1144,63.99,83,100,14.65,PE,1655781574
Cravo Norte,6.3017,-70.2041,71.26,96,99,2.44,CO,1655781575
Motygino,58.1831,94.7592,71.46,51,100,7.36,RU,1655781576
West Wendover,40.7391,-114.0733,67.21,22,0,5.75,US,1655781329
Adrar,20.5022,-10.0711,77.59,67,100,5.48,MR,1655781577
Melfi,40.9965,15.6514,61.48,66,0,8.77,IT,1655781578
Kibaya,-5.3,36.5667,49.21,95,33,3.38,TZ,1655781578
Iqaluit,63.7506,-68.5145,44.33,70,20,9.22,CA,1655781579
Lavrentiya,65.5833,-171.0,42.06,89,100,12.5,RU,1655781580
Morondava,-20.2833,44.2833,66.16,65,0,7.81,MG,1655781581
Vaini,-21.2,-175.2,78.96,83,75,12.66,TO,1655781581
George Town,5.4112,100.3354,84.15,79,40,3.44,MY,1655781327
Sanchazi,42.0817,126.6003,72.32,84,100,4.54,CN,1655781583
Sarāi Mīr,26.0167,82.9167,93.27,42,11,7.94,IN,1655781583
Yichun,47.7,128.9,79.38,37,48,14.9,CN,1655781584
Plainview,40.7765,-73.4673,71.46,68,0,3.44,US,1655781585
Comodoro Rivadavia,-45.8667,-67.5,35.46,64,75,11.5,AR,1655781585
Nardaran,40.5561,50.0056,74.84,64,0,6.91,AZ,1655781586
Nagua,19.3832,-69.8474,76.8,86,63,5.82,DO,1655781587
Ibrā’,22.6906,58.5334,87.08,48,17,3.58,OM,1655781587
Ganzhou,28.8184,115.4327,81.79,87,98,8.86,CN,1655781588
Talnakh,69.4865,88.3972,76.21,35,100,11.5,RU,1655781589
Coahuayana Viejo,18.7333,-103.6833,80.78,81,99,1.97,MX,1655781589
Sinnamary,5.3833,-52.95,77.25,85,8,6.29,GF,1655781590
Porto-Novo,6.4965,2.6036,74.98,92,60,4.56,BJ,1655781591
Havøysund,70.9963,24.6622,52.03,68,100,17.07,NO,1655781592
Bjørnevatn,69.6672,29.9847,49.62,76,0,12.66,NO,1655781592
Narsaq,60.9167,-46.05,43.02,97,100,5.41,GL,1655781593
Charlestown,-32.95,151.6667,69.12,64,1,4.0,AU,1655781594
Trat,12.5,102.5,88.0,72,82,6.69,TH,1655781594
Manado,1.487,124.8455,90.37,58,40,8.05,ID,1655781595
Province of Trapani,37.8333,12.6667,73.27,77,0,4.61,IT,1655781596
São João da Barra,-21.6403,-41.0511,69.87,87,2,8.75,BR,1655781596
Saint-Philippe,-21.3585,55.7679,63.99,65,50,7.92,RE,1655781597
Haines Junction,60.7522,-137.5108,58.95,41,91,11.5,CA,1655781598
Kathmandu,27.7167,85.3167,77.22,69,75,3.44,NP,1655781590
Norman Wells,65.282,-126.8329,62.64,63,75,18.41,CA,1655781460
Brainerd,46.358,-94.2008,76.66,69,3,15.28,US,1655781600
Yumen,40.2833,97.2,73.85,27,100,8.39,CN,1655781600
Straumen,63.8709,11.2999,53.6,80,100,1.83,NO,1655781601
Camacha,33.0833,-16.3333,62.02,72,40,10.36,PT,1655781602
Teya,60.3778,92.6267,73.54,43,6,5.57,RU,1655781603
Vitim,59.4511,112.5578,49.08,86,100,10.31,RU,1655781603
Antsohihy,-14.8796,47.9875,68.27,63,0,9.93,MG,1655781604
Kavieng,-2.5744,150.7967,85.15,64,64,6.42,PG,1655781605
La Esperanza,14.8667,-91.5667,55.62,99,100,2.55,GT,1655781606
Clyde River,70.4692,-68.5914,37.63,81,40,11.5,CA,1655781607
Nador,35.174,-2.9287,70.05,73,0,8.05,MA,1655781608
Keflavik,64.0049,-22.5624,44.51,100,75,4.61,IS,1655781608
Faya,18.3851,42.4509,64.92,33,23,3.49,SA,1655781609
Chokurdakh,70.6333,147.9167,49.03,32,94,9.44,RU,1655781610
Le Marin,14.4721,-60.8697,78.71,83,40,3.44,MQ,1655781611
Tasiilaq,65.6145,-37.6368,39.36,73,98,7.45,GL,1655781611
Udachny,66.4167,112.4,66.45,29,13,6.51,RU,1655781612
Monrovia,6.3005,-10.7969,76.06,87,100,4.9,LR,1655781613
Burnie,-41.0667,145.9167,58.95,63,86,8.77,AU,1655781614
Kaitangata,-46.2817,169.8464,46.87,76,0,3.15,NZ,1655781615
Yamada,39.4667,141.95,70.48,69,56,4.68,JP,1655781615
Mackay,-21.15,149.2,76.68,74,98,16.67,AU,1655781514
Lagoa,39.05,-27.9833,63.39,88,96,19.89,PT,1655781617
Bluff,-46.6,168.3333,42.8,73,0,4.29,NZ,1655781618
St. George's,12.0564,-61.7485,80.28,83,40,11.5,GD,1655781618
Naryan-Mar,67.6713,53.087,46.36,77,93,12.37,RU,1655781619
Port Hedland,-20.3167,118.5667,82.45,28,0,17.27,AU,1655781620
Hithadhoo,-0.6,73.0833,82.92,73,63,11.95,MV,1655781621
Beringovskiy,63.05,179.3167,48.56,78,61,15.48,RU,1655781621
Codrington,-38.2667,141.9667,55.87,69,46,11.65,AU,1655781622
Ilulissat,69.2167,-51.1,33.82,93,100,10.36,GL,1655781623
Coquimbo,-29.9533,-71.3436,51.53,76,100,2.3,CL,1655781624
Grand Baie,-20.0182,57.5802,68.47,61,1,13.33,MU,1655781523
Kaabong,3.4836,34.1492,60.46,83,36,4.12,UG,1655781625
Lázaro Cárdenas,17.9583,-102.2,80.6,82,88,2.75,MX,1655781626
Luanda,-8.8368,13.2343,65.57,86,1,8.55,AO,1655781627
Río Gallegos,-51.6226,-69.2181,28.45,86,40,12.66,AR,1655781627
Namatanai,-3.6667,152.4333,84.97,68,26,4.79,PG,1655781628
Severo-Kuril'sk,50.6789,156.125,49.19,87,96,12.73,RU,1655781629
Hutang,31.5333,119.4833,89.83,51,77,9.17,CN,1655781630
Namioka,40.7072,140.5894,77.22,60,20,6.91,JP,1655781630
Mnogovershinnyy,53.9353,139.9242,73.06,47,0,6.4,RU,1655781631
San Rafael del Sur,11.8485,-86.4384,74.37,95,100,6.53,NI,1655781632
Paamiut,61.994,-49.6678,37.15,92,100,12.12,GL,1655781632
Ribeira Grande,38.5167,-28.7,64.8,89,97,21.45,PT,1655781633
Labuhan,-6.8844,112.2051,84.25,68,84,4.0,ID,1655781634
Mount Gambier,-37.8333,140.7667,56.66,68,14,8.23,AU,1655781635
Pesca,5.55,-73.05,49.91,96,100,0.69,CO,1655781635
Mount Isa,-20.7333,139.5,78.57,31,100,12.66,AU,1655781636
Le Port,-20.9373,55.2919,66.25,78,31,2.68,RE,1655781637
Hobart,-42.8794,147.3294,59.25,68,75,9.22,AU,1655781427
Dublin,37.7021,-121.9358,84.9,49,0,11.5,US,1655781440
Salalah,17.0151,54.0924,82.49,89,75,11.5,OM,1655781639
Beisfjord,68.3751,17.5988,52.05,76,98,6.06,NO,1655781640
Ust-Tsilma,65.441,52.1498,52.95,83,100,7.94,RU,1655781640
Marawi,7.9986,124.2928,74.75,87,100,1.97,PH,1655781641
Samaná,19.2056,-69.3369,77.79,82,49,7.72,DO,1655781642
Koronowo,53.3137,17.937,52.54,100,100,9.42,PL,1655781642
Ekimchan,53.0667,132.9667,72.75,47,45,8.14,RU,1655781643
Carnarvon,-24.8667,113.6333,72.03,45,0,11.3,AU,1655781644
Arrondissement de Saint-Denis,48.9167,2.3333,63.36,78,75,9.22,FR,1655781645
Tabas,33.5959,56.9244,86.22,17,0,0.0,IR,1655781645
City of San Pedro,14.35,121.0167,89.35,69,40,6.91,PH,1655781646
Aketi,2.7388,23.7833,67.59,99,98,0.27,CD,1655781647
Moses Lake,47.1301,-119.2781,77.68,38,20,18.41,US,1655781647
Mocuba,-16.8392,36.9856,62.01,94,75,3.44,MZ,1655781648
Hamilton,39.1834,-84.5333,71.22,74,0,4.61,US,1655781553
San Juan del Sur,11.2529,-85.8705,75.29,93,100,4.5,NI,1655781649
Katobu,-4.9408,122.5276,79.5,85,86,8.61,ID,1655781650
Banjar,-8.19,114.9675,85.84,61,27,1.34,ID,1655781651
Provideniya,64.3833,-173.3,41.36,100,100,11.18,RU,1655781651
Andradas,-22.0681,-46.5692,59.36,88,0,4.38,BR,1655781652
Bose,45.4612,8.0137,72.21,83,27,2.24,IT,1655781653
Manzhouli,49.6,117.4333,73.78,42,0,20.2,CN,1655781653
Lockhart,28.6194,-81.4426,80.92,80,0,6.91,US,1655781654
Anadyr,64.75,177.4833,61.3,55,40,11.18,RU,1655781655
Bandarbeyla,9.4942,50.8122,80.67,63,97,30.24,SO,1655781655
Buchach,49.0625,25.388,61.25,93,53,9.37,UA,1655781656
Pasni,25.2631,63.471,85.73,70,0,11.21,PK,1655781657
Tuktoyaktuk,69.4541,-133.0374,39.2,75,20,10.36,CA,1655781658
Okha,53.5739,142.9478,55.24,76,19,16.93,RU,1655781658
Puerto Escondido,15.85,-97.0667,79.3,89,100,4.09,MX,1655781659
Ancud,-41.8697,-73.8203,38.23,86,76,7.96,CL,1655781660
Lebu,-37.6167,-73.65,47.82,89,100,10.22,CL,1655781660
Port Lincoln,-34.7333,135.8667,61.54,73,96,17.65,AU,1655781661
Leningradskiy,69.3833,178.4167,44.82,83,100,10.11,RU,1655781662
Kajaani,64.2273,27.7285,44.65,93,20,4.61,FI,1655781664
Murray Bridge,-35.1167,139.2667,61.12,55,31,12.53,AU,1655781665
Rocha,-34.4833,-54.3333,44.1,71,100,5.97,UY,1655781666
Tagusao,9.1924,117.8141,85.08,68,81,4.36,PH,1655781667
Cobija,-11.0267,-68.7692,70.9,81,73,1.5,BO,1655781668
Port-Gentil,-0.7193,8.7815,73.15,83,47,16.35,GA,1655781668
Te Anau,-45.4167,167.7167,43.12,81,3,1.25,NZ,1655781669
Kumul,42.8,93.45,89.08,16,82,12.37,CN,1655781670
Pahrump,36.2083,-115.9839,86.05,11,0,0.81,US,1655781670
Fort Frances,48.5999,-93.4003,69.17,27,64,5.01,CA,1655781671
Mthatha,-31.5889,28.7844,46.96,100,40,3.44,ZA,1655781672
Markova,48.6758,24.4138,59.77,88,43,3.24,UA,1655781673
Saint-Leu,-21.15,55.2833,65.32,68,14,10.11,RE,1655781673
Jalu,29.0331,21.5482,78.44,32,0,6.91,LY,1655781674
Alice Springs,-23.7,133.8833,71.15,32,0,12.66,AU,1655781675
Zaraza,9.3503,-65.3245,74.07,89,94,3.51,VE,1655781676
Dingle,10.9995,122.6711,81.54,83,100,3.31,PH,1655781677
Bodden Town,19.2833,-81.25,82.4,84,0,9.22,KY,1655781677
Griffith,41.5284,-87.4237,81.9,51,0,5.75,US,1655781678
Coyhaique,-45.5752,-72.0662,32.61,93,20,3.44,CL,1655781679
São Félix do Xingu,-6.6447,-51.995,69.4,68,6,1.16,BR,1655781680
Santa Rosa,14.3122,121.1114,90.1,68,40,9.33,PH,1655781680
Goderich,43.7501,-81.7165,65.91,90,38,12.48,CA,1655781681
Vila Velha,-20.3297,-40.2925,67.95,87,75,4.61,BR,1655781454
Rabo de Peixe,37.8,-25.5833,65.28,86,75,9.22,PT,1655781682
Soyo,-6.1349,12.3689,70.88,82,41,10.36,AO,1655781683
Cayenne,4.9333,-52.3333,77.09,1,0,0.0,GF,1655781684
Saldanha,-33.0117,17.9442,53.65,63,97,4.25,ZA,1655781686
Santa Inês,-3.6667,-45.38,71.64,89,86,1.81,BR,1655781687
Hasaki,35.7333,140.8333,82.8,81,100,8.55,JP,1655781688
Slave Lake,55.2834,-114.769,64.38,55,0,4.61,CA,1655781689
Christchurch,-43.5333,172.6333,51.42,67,4,10.36,NZ,1655781647
Kibakwe,-6.7167,36.3667,54.25,74,4,3.18,TZ,1655781690
Lüderitz,-26.6481,15.1594,56.71,63,94,7.54,NA,1655781690
San Andrés,12.5847,-81.7006,80.62,89,40,8.05,CO,1655781691
Pangnirtung,66.1451,-65.7125,40.17,76,3,4.65,CA,1655781692
San Quintín,30.4833,-115.95,65.79,75,0,7.14,MX,1655781693
Union,40.6334,-74.2663,73.89,55,0,3.44,US,1655781470
Dudinka,69.4058,86.1778,76.62,39,99,14.72,RU,1655781694
Florida,28.7505,-82.5001,78.75,89,0,6.91,US,1655781612
Madikeri,12.4167,75.7333,66.02,92,100,3.98,IN,1655781695
Esperance,-33.8667,121.9,63.46,68,17,11.97,AU,1655781696
Takoradze,4.8845,-1.7554,75.38,91,18,5.66,GH,1655781696
Lokomotivnyy,53.0118,60.5684,56.7,75,33,15.88,RU,1655781697
Khāsh,28.2211,61.2158,72.37,23,0,9.17,IR,1655781698
Mogok,22.9167,96.5,73.38,78,82,3.18,MM,1655781698
Mikkeli,61.6886,27.2723,56.14,87,75,2.3,FI,1655781699
Jiuquan,39.7432,98.5174,74.82,28,84,5.75,CN,1655781700
Betafo,-19.8333,46.85,46.15,93,11,5.21,MG,1655781700
Aitape,-3.1374,142.3475,84.9,69,55,7.58,PG,1655781701
Alofi,-19.0595,-169.9187,82.29,83,20,6.91,NU,1655781702
Yulara,-25.2406,130.9889,67.24,41,0,14.03,AU,1655781703
Kvarkeno,52.0833,59.725,59.43,70,30,17.98,RU,1655781703
Salinópolis,-0.6136,-47.3561,77.54,85,6,8.95,BR,1655781704
Chunhuhub,19.55,-88.6833,71.78,99,100,2.01,MX,1655781705
Dunedin,-45.8742,170.5036,48.04,70,0,3.65,NZ,1655781144
Nioro,13.35,-15.75,78.58,82,100,3.56,GM,1655781706
Upernavik,72.7868,-56.1549,32.99,90,88,9.62,GL,1655781488
Airai,-8.9266,125.4092,70.48,58,98,4.18,TL,1655781707
Balkanabat,39.5108,54.3671,86.49,19,0,7.09,TM,1655781708
Syumsi,57.1111,51.6149,54.1,85,100,11.41,RU,1655781709
Loukhi,66.0764,33.0381,45.95,86,100,2.64,RU,1655781710
Baruun-Urt,46.6806,113.2792,78.4,27,100,13.65,MN,1655781711
Miraflores,19.2167,-98.8083,66.02,71,97,3.6,MX,1655781712
Gunjur,13.2019,-16.7339,75.27,94,0,0.0,GM,1655781712
Wajima,37.4,136.9,83.08,65,100,4.61,JP,1655781713
Buala,-8.145,159.5921,82.89,77,78,6.44,SB,1655781714
Acarí,-15.4311,-74.6158,62.92,74,52,3.02,PE,1655781714
Banfora,10.6333,-4.7667,73.89,90,100,4.03,BF,1655781715
Mandera,3.9366,41.867,75.27,68,98,16.44,KE,1655781716
Tshikapa,-6.4167,20.8,70.92,71,59,1.5,CD,1655781716
Juneau,58.3019,-134.4197,55.4,92,100,11.5,US,1655781483
Sydney,-33.8679,151.2073,71.31,62,40,5.75,AU,1655781601
Edd,13.9297,41.6925,89.17,51,69,3.53,ER,1655781718
Cockburn Town,21.4612,-71.1419,81.25,81,76,16.82,TC,1655781719
Shimokizukuri,40.8061,140.3861,77.41,61,8,5.06,JP,1655781719
Vung Tau,10.346,107.0843,85.03,70,89,6.87,VN,1655781720
Mahon,39.8885,4.2658,73.96,94,96,12.66,ES,1655781577
Biltine,14.5333,20.9167,84.97,33,69,11.21,TD,1655781721
Ishigaki,24.3448,124.1572,89.73,79,20,13.8,JP,1655781722
Morant Bay,17.8815,-76.4093,82.02,81,99,8.03,JM,1655781723
Raduzhny,62.0961,77.475,75.85,48,13,11.77,RU,1655781724
San Patricio,28.017,-97.5169,85.89,72,100,10.54,US,1655781725
Hulan Ergi,47.2042,123.6333,83.89,37,1,17.09,CN,1655781725
Thayetmyo,19.3167,95.1833,84.7,65,97,9.71,MM,1655781726
Acapulco de Juárez,16.8634,-99.8901,82.22,83,100,0.0,MX,1655781661
Port Shepstone,-30.7414,30.455,62.67,86,28,10.74,ZA,1655781727
Tautira,-17.7333,-149.15,79.61,72,62,12.75,PF,1655781728
La Libertad,-2.2333,-80.9,70.12,84,90,6.26,EC,1655781729
Raymond,43.9015,-70.4703,55.47,86,94,2.62,US,1655781731
Road Town,18.4167,-64.6167,80.69,71,0,14.03,VG,1655781661
Yar-Sale,66.8333,70.8333,60.62,94,100,7.34,RU,1655781733
Iwanai,42.9744,140.5089,73.53,56,97,6.58,JP,1655781733
Eséka,3.65,10.7667,65.64,99,35,1.12,CM,1655781734
Chiredzi,-21.05,31.6667,59.97,82,75,4.81,ZW,1655781735
Tigil',57.8,158.6667,59.83,61,96,5.77,RU,1655781736
Avera,33.194,-82.5271,76.55,36,98,5.68,US,1655781736
Muzhi,65.3667,64.6667,65.68,74,94,12.82,RU,1655781737
Yangi Marg`ilon,40.4272,71.7189,66.92,68,100,2.3,UZ,1655781738
Chapais,49.7834,-74.8492,62.38,51,100,6.15,CA,1655781739
Biak,-0.9131,122.8766,81.03,74,49,8.41,ID,1655781739
Darhan,49.4867,105.9228,67.77,60,100,6.67,MN,1655781740
Daru,-9.0763,143.2092,77.56,89,100,18.14,PG,1655781741
Onokhoy,51.932,108.0747,76.75,36,0,9.26,RU,1655781742
Leh,34.1667,77.5833,51.13,42,96,3.78,IN,1655781743
Banda Aceh,5.5577,95.3222,82.2,75,100,12.39,ID,1655781743
Alyangula,-13.8483,136.4192,80.28,57,92,14.63,AU,1655781744
Sørland,67.667,12.6934,49.86,96,100,31.45,NO,1655781745
Fort Nelson,58.8053,-122.7002,71.19,46,75,2.3,CA,1655781747
Boyolangu,-8.1181,111.8935,82.62,69,75,10.56,ID,1655781747
Datong,40.0936,113.2914,82.98,34,100,5.61,CN,1655781459
Vila Franca do Campo,37.7167,-25.4333,66.2,90,76,7.34,PT,1655781749
Akureyri,65.6835,-18.0878,46.67,83,10,4.88,IS,1655781548
Ulladulla,-35.35,150.4667,58.77,55,99,8.12,AU,1655781750
Ust'-Barguzin,53.45,108.9833,57.13,70,16,4.05,RU,1655781751
Pampierstad,-27.7832,24.6877,54.63,65,0,15.7,ZA,1655781751
Zyryanovsk,49.7386,84.2719,67.51,70,100,0.89,KZ,1655781752
Cooma,-36.2333,149.1333,46.36,81,100,10.67,AU,1655781753
Sfântu Gheorghe,45.8667,25.7833,66.27,85,20,0.31,RO,1655781754
Carballo,43.213,-8.691,58.01,92,92,4.45,ES,1655781578
Shimoda,34.6667,138.95,80.1,93,100,8.21,JP,1655781755
Novonukutskiy,53.7002,102.7117,68.9,66,6,7.34,RU,1655781756
Reguengos de Monsaraz,38.4253,-7.5349,54.41,86,52,4.18,PT,1655781757
Ocean City,39.2776,-74.5746,66.22,80,100,5.99,US,1655781699
Qinhuangdao,39.9317,119.5883,83.43,65,96,10.31,CN,1655781758
Muskegon,43.3,-86.1334,72.81,64,0,4.61,US,1655781759
Kargasok,59.0556,80.8572,72.23,61,5,7.63,RU,1655781759
Auki,-8.7676,160.7034,82.35,74,50,3.24,SB,1655781760
Kayseri Province,38.737,35.4968,55.42,76,0,0.0,TR,1655781761
Quanzhou,24.9139,118.5858,82.54,81,100,7.29,CN,1655781761
Nago,26.5881,127.9761,88.23,80,100,13.38,JP,1655781762
Medicine Hat,50.0501,-110.6683,57.63,83,75,10.36,CA,1655781610
Cherskiy,68.75,161.3,40.44,69,100,13.04,RU,1655781763
Santa Maria,-29.6842,-53.8069,52.9,100,20,3.44,BR,1655781707
North Bend,43.4065,-124.2243,60.85,94,100,25.32,US,1655781764
El Alto,-4.2714,-81.2147,63.1,85,96,12.93,PE,1655781765
Geraldton,-28.7667,114.6,66.61,72,4,19.57,AU,1655781766
Souillac,-20.5167,57.5167,68.38,56,20,5.75,MU,1655781767
La Ronge,55.1001,-105.2842,62.85,77,100,4.61,CA,1655781767
Mossamedes,-15.1961,12.1522,58.19,74,0,3.76,AO,1655781768
Westport,41.1415,-73.3579,67.75,77,0,6.91,US,1655781769
Juiz de Fora,-21.7642,-43.3503,56.35,95,2,2.26,BR,1655781769
Lagos,6.5833,3.75,74.66,95,86,2.71,NG,1655781585
Half Moon Bay,37.4636,-122.4286,78.8,76,0,17.27,US,1655781770
Nelson Bay,-32.7167,152.15,67.1,63,1,1.99,AU,1655781771
Tuatapere,-46.1333,167.6833,48.87,64,0,2.15,NZ,1655781772
Grindavik,63.8424,-22.4338,44.55,100,75,4.61,IS,1655781773
Xining,36.6167,101.7667,63.32,75,100,2.53,CN,1655781773
Kieta,-6.2167,155.6333,85.71,66,52,6.29,PG,1655781774
Kalabo,-14.97,22.6814,53.04,61,1,6.24,ZM,1655781775
Sambava,-14.2667,50.1667,65.73,84,2,10.27,MG,1655781776
Wawa,9.9022,4.4192,74.91,88,100,4.85,NG,1655781728
Manama,26.2154,50.5832,94.33,45,0,3.44,BH,1655781778
Labuan,5.2767,115.2417,84.56,79,20,2.3,MY,1655781778
Wexford,52.3342,-6.4575,52.21,91,84,5.14,IE,1655781779
Kyren,51.6828,102.1408,68.5,62,69,3.94,RU,1655781780
Boquira,-12.8231,-42.7306,64.49,80,7,4.63,BR,1655781780
Bathsheba,13.2167,-59.5167,81.21,83,40,12.66,BB,1655781781
Ogbomosho,8.133,4.25,70.83,99,83,4.27,NG,1655781782
Longyearbyen,78.2186,15.6401,40.84,75,75,32.21,SJ,1655781704
Diu,20.7141,70.9822,85.71,73,33,15.05,IN,1655781783
Shebalino,51.2917,85.6772,70.72,47,1,3.13,RU,1655781784
Kalat,29.0225,66.5916,63.1,29,0,12.62,PK,1655781785
Hare Bay,48.8499,-54.0148,61.95,99,100,3.56,CA,1655781785
Kirkuk,35.4681,44.3922,87.13,21,0,5.95,IQ,1655781786
Tabou,4.423,-7.3528,74.26,93,100,3.71,CI,1655781787
Ahipara,-35.1667,173.1667,55.62,71,100,11.63,NZ,1655781788
Byron Bay,-28.65,153.6167,69.94,59,0,5.53,AU,1655781696
Isangel,-19.55,169.2667,78.91,65,40,11.5,VU,1655781789
Saint-Joseph,-21.3667,55.6167,62.98,66,23,8.28,RE,1655781790
Susuman,62.7833,148.1667,57.45,66,98,11.81,RU,1655781790
Plattling,48.7833,12.8667,54.48,78,5,5.08,DE,1655781791
Arenápolis,-14.4503,-56.8461,69.51,64,0,2.33,BR,1655781792
Tocopilla,-22.092,-70.1979,57.27,69,8,1.45,CL,1655781793
Arroyo de la Encomienda,41.6096,-4.7969,55.15,77,0,4.61,ES,1655781794
Hastings,50.8552,0.5729,53.33,96,52,8.68,GB,1655781794
Okhotsk,59.3833,143.3,53.15,75,88,10.36,RU,1655781795
Maniitsoq,65.4167,-52.9,36.03,90,100,5.66,GL,1655781796
Meulaboh,4.1363,96.1285,74.95,89,100,4.12,ID,1655781797
Cartagena del Chairá,1.3349,-74.8429,69.69,98,70,2.35,CO,1655781799
Macao,22.2006,113.5461,87.85,89,40,10.36,MO,1655781799
Svodín,47.9105,18.4997,62.38,82,67,12.77,SK,1655781800
Hong Kong,22.2855,114.1577,86.38,79,100,15.99,HK,1655781601
Don Luan,11.5333,106.9167,86.95,67,54,4.41,VN,1655781784
Zaysan,47.4667,84.8667,82.78,27,13,2.17,KZ,1655781802
Sioux Lookout,50.1001,-91.917,73.47,83,100,10.36,CA,1655781803
Waipawa,-41.4122,175.5153,47.14,78,97,11.65,NZ,1655781803
Vila do Maio,15.1333,-23.2167,75.99,90,43,9.33,CV,1655781804
Brae,60.3964,-1.353,51.28,98,100,11.41,GB,1655781805
Russkiy Aktash,55.0384,52.1214,53.49,89,4,15.21,RU,1655781806
Kokstad,-30.5472,29.4241,45.37,96,35,3.78,ZA,1655781806
Lucapa,-8.4192,20.7447,62.67,63,0,2.46,AO,1655781807
Birjand,32.8663,59.2211,68.47,26,0,11.5,IR,1655781808
Ingham,42.6,-84.3833,73.26,71,0,3.44,US,1655781808
Henties Bay,-22.116,14.2845,53.46,84,0,6.89,NA,1655781809
Tilichiki,60.4667,166.1,51.75,76,95,8.7,RU,1655781810
Doha,25.2867,51.5333,94.98,39,3,4.61,QA,1655781811
Makakilo City,21.3469,-158.0858,80.92,61,100,20.71,US,1655781811
Lorengau,-2.0226,147.2712,82.67,76,58,6.71,PG,1655781812
Anan,33.9167,134.65,73.18,98,100,12.73,JP,1655781813
Synya,65.3718,58.0387,62.82,68,50,10.67,RU,1655781813
Thanatpin,17.2119,96.3033,86.18,76,88,5.64,MM,1655781814
Altagracia de Orituco,9.8601,-66.3814,71.87,92,100,2.91,VE,1655781815
Anking,30.5092,117.0506,85.08,73,91,8.08,CN,1655781815
Nome,64.5011,-165.4064,55.17,80,20,12.66,US,1655781608
Lahaina,20.8783,-156.6825,81.64,80,31,7.65,US,1655781817
Hereford,52.0568,-2.7148,53.76,93,100,1.61,GB,1655781817
Orán,-23.1322,-64.326,54.43,78,0,2.71,AR,1655781818
Manuk Mangkaw,4.8,119.85,82.72,71,89,3.13,PH,1655781819
Prainha,-1.8,-53.48,72.14,96,67,2.15,BR,1655781819
Pacific Grove,36.6177,-121.9166,68.11,76,0,9.22,US,1655781821
Tam Ky,15.5667,108.4833,93.54,47,27,1.16,VN,1655781714
Atasū,48.6814,71.6433,72.43,57,12,11.16,KZ,1655781822
Seshcha,53.7361,33.3387,60.69,99,100,6.85,RU,1655781823
Noril'sk,69.3535,88.2027,76.42,36,100,11.99,RU,1655781823
Los Teques,10.3445,-67.0433,66.88,95,46,1.72,VE,1655781824
San Cristobal,7.7669,-72.225,71.78,94,99,1.72,VE,1655781689
San Ramon,37.7799,-121.978,84.65,35,0,11.5,US,1655781825
Horta,38.5333,-28.6333,64.0,90,93,20.29,PT,1655781826
Poum,-20.2333,164.0167,72.91,60,86,15.82,NC,1655781827
Sawtell,-30.3833,153.1,69.19,52,16,6.91,AU,1655781827
Seoul,37.5683,126.9778,87.19,54,0,4.61,KR,1655781582
Plettenberg Bay,-34.0527,23.3716,57.99,71,65,3.67,ZA,1655781828
Oranjestad,12.524,-70.027,82.35,74,20,20.71,AW,1655781791
Belmonte,-15.8631,-38.8828,70.99,87,13,6.85,BR,1655781830
Bundaberg,-24.85,152.35,73.22,62,100,4.0,AU,1655781830
Samarinda,-0.5,117.15,88.2,59,43,3.15,ID,1655781831
Zhezkazgan,47.8043,67.7144,75.18,50,0,4.47,KZ,1655781832
Abonnema,4.7084,6.7931,74.28,91,58,3.47,NG,1655781832
Narok,-1.0783,35.8601,50.34,94,61,3.18,KE,1655781833
Muravlenko,63.7898,74.523,74.71,50,15,17.94,RU,1655781834
Necochea,-38.5473,-58.7368,47.77,89,100,8.99,AR,1655781835
Talcahuano,-36.7167,-73.1167,51.48,87,100,9.22,CL,1655781835
San-Pédro,4.7485,-6.6363,74.53,92,100,3.36,CI,1655781836
Bismarck,46.8083,-100.7837,62.44,89,100,9.22,US,1655781766
Pinotepa de Don Luis,16.4167,-97.9167,72.55,96,100,2.01,MX,1655781837
Mīzan Teferī,6.9833,35.5833,60.08,95,96,1.92,ET,1655781838
Bonfim,3.0833,-59.95,73.65,94,100,3.0,BR,1655781838
Oga,46.4631,10.347,57.69,85,2,2.42,IT,1655781839
Bouca,6.5105,18.2733,68.36,98,100,1.01,CF,1655781840
Bolobo,-2.1667,16.2333,71.17,85,94,0.76,CD,1655781841
Nuuk,64.1835,-51.7216,32.61,100,100,21.85,GL,1655781841
Baylo,7.8539,126.0581,86.9,71,61,0.92,PH,1655781843
Fuxin,42.0156,121.6589,86.5,30,95,3.94,CN,1655781843
Chërnaya Kholunitsa,58.8511,51.7154,51.42,99,100,10.33,RU,1655781844
Havelock,34.8791,-76.9013,78.75,79,100,4.92,US,1655781567
Traverse City,44.7631,-85.6206,78.87,57,0,6.91,US,1655781734
Champotón,19.35,-90.7167,76.48,86,100,11.12,MX,1655781846
Mandalgovi,45.7625,106.2708,77.32,17,100,10.67,MN,1655781847
Delémont,47.3649,7.3445,64.53,93,100,2.98,CH,1655781847
Chauk,20.8833,94.8167,89.46,50,91,13.0,MM,1655781848
Kambove,-10.8764,26.5969,49.39,63,48,4.47,CD,1655781849
Tutóia,-2.7619,-42.2744,75.87,86,15,5.1,BR,1655781850
Touros,-5.1989,-35.4608,75.31,87,19,11.18,BR,1655781851
Babati,-4.2167,35.75,51.03,93,6,0.92,TZ,1655781851
Graaff-Reinet,-32.2522,24.5308,49.28,76,30,2.17,ZA,1655781852
Noumea,-22.2763,166.4572,75.18,99,44,11.79,NC,1655781853
Pilot Butte,50.4668,-104.4178,69.53,58,75,12.66,CA,1655781853
Atar,20.5169,-13.0499,78.03,72,95,3.87,MR,1655781854
Valença do Piauí,-6.4075,-41.7456,71.51,68,64,6.17,BR,1655781668
Natchez,31.5604,-91.4032,80.82,84,0,0.0,US,1655781709
Denpasar,-8.65,115.2167,83.86,74,40,16.11,ID,1655781754
Loikaw,19.6742,97.2094,79.12,63,48,4.72,MM,1655781857
Madaoua,14.073,5.96,86.94,42,8,10.85,NE,1655781857
Malindi,-3.2175,40.1191,76.96,75,20,17.09,KE,1655781858
Along,28.1667,94.7667,75.51,96,99,0.49,IN,1655781859
Bonito,-21.1211,-56.4819,67.3,82,0,3.53,BR,1655781860
Saint Anthony,45.0205,-93.218,91.02,53,20,16.11,US,1655781861
High Prairie,55.4334,-116.4858,60.94,73,100,3.58,CA,1655781861
High Rock,26.6208,-78.2833,77.02,72,54,15.66,BS,1655781862
Raudeberg,61.9875,5.1352,51.96,91,100,20.38,NO,1655781863
Kununurra,-15.7667,128.7333,85.98,20,95,14.97,AU,1655781863
Mogadishu,2.0371,45.3438,78.19,80,100,19.44,SO,1655781750
Makkah al Mukarramah,21.4267,39.8261,81.99,62,63,2.77,SA,1655781673
Viedma,-40.8135,-62.9967,41.34,61,48,10.33,AR,1655781868
Tomatlán,19.9333,-105.25,80.22,80,80,3.38,MX,1655781869
Lyuban',52.7985,28.0048,63.84,96,100,5.19,BY,1655781870
Bonavista,48.6499,-53.1147,51.53,100,100,11.9,CA,1655781870
Hirara,24.8,125.2833,88.07,74,40,18.41,JP,1655781871
Russell,32.3502,-85.1999,82.0,48,90,4.03,US,1655781872
Burns Lake,54.2331,-125.7533,60.22,54,61,10.63,CA,1655781605
Hakkâri Province,37.5833,44.1667,63.03,38,0,0.49,TR,1655781873
Marzuq,14.4,46.4667,77.83,63,96,4.29,YE,1655781874
Villaviciosa,43.4813,-5.4357,60.6,97,38,3.6,ES,1655781874
Padang,-0.9492,100.3543,86.05,66,65,3.22,ID,1655781875
Matam,15.6175,-13.3303,80.6,89,0,4.61,SN,1655781876
La Seyne-sur-Mer,43.0982,5.8847,74.53,75,28,1.99,FR,1655781876
Palu,-0.8917,119.8707,88.61,61,43,2.1,ID,1655781877
Tal'menka,53.8183,83.5677,71.38,76,99,4.59,RU,1655781878
Tamworth,52.634,-1.6959,52.52,84,100,1.99,GB,1655781879
Perth,-31.9333,115.8333,69.19,68,40,13.8,AU,1655781879
Yabrūd,33.9674,36.6574,60.91,38,0,1.48,SY,1655781880
Paraíso,9.8383,-83.8656,66.88,100,100,1.63,CR,1655781881
Verāval,20.9,70.3667,85.53,75,42,16.04,IN,1655781881
Novyy Urgal,51.0736,132.5642,57.83,97,100,4.79,RU,1655781882
Tongren,27.7172,109.1853,81.34,86,100,2.48,CN,1655781883
